date,commit_hash
2023-06-15,3e7de369df210c4d0719f44d5008f22a7aced332
2023-08-15,76ca83169100d09d094a5e5432b37d667f58a943
2023-10-30,1a4ee5244241265ec15ac69b717e57153c8485a3
2023-12-30,e9938b74c921373b04a56f177c3b63253ad225c8
2024-02-29,763384a093e72b6ba385b3e8206edbacd641d099
2024-04-29,936c5b987a802c00f554bc4ff3897a547ac530f8
2024-06-14,7e2607bf5e53e510358e9247172a19fb3b803a7d
2024-08-19,c81bc309d6a0a4f6db6380c4b0364128ab5b93ae
2024-10-01,357e03b339344b7e64c703c88fe8e8b7248152f8
2024-12-14,80044060dea5511e735967646d7f0f43187f5540
2025-01-14,c38be054b5de6062c391ff030ea34f4eb3e88b33
2025-01-24,eb7d3c2364c3cb00c36f9d848e89d12d94926ea4
2025-01-27,7804b5c573ba188fedd8aaf8613a82b5a63c172e
2025-02-03,c03576d4f5c3fb6d81e3229ef24bee9c1bc76e16
2025-02-10,2f7c022c801d8a7f610ca462c1d187de86e62f91
2025-02-17,e94f3273648d97232bc809c4ebb16394986b093e
2025-02-24,5dd1cacdcc08bcbc75c96c060cf9063049ba482e
2025-02-28,90a98540fd7dcf848924acf04886f30132d2f66f
2025-03-03,17d580d4217b07ef02417856cab582642b9877fc
2025-03-10,bf1bbe622bdc639cbd38d3bd73b32d19f709e8b2
2025-03-17,0f2ca73d476d9ed3d92b6749b9783c40a24e0ec8
2025-03-24,4a1d4e23586e9b2423561c71fee0559033d41510
2025-03-31,9dffb1057ee5d5e3ad3c21308d08e9a73abb15c9
2025-04-07,955ff7723fba8d2ee19dcc780504d58adf443e7a
2025-04-11,f6cdf476fcd9d1350a02e6bb3269aff3ded22720
2025-04-14,e174e5da6b1ba2071c63203d222e5e98aaf66ab8
2025-04-16,9e430b3f28d24e91fd59c2f46425fb39ca212c2b
2025-04-29,2d3f81a5edea059749b54ac71c757843fd84d082
2025-05-05,ac7f5e04d79d5e2c711ac8003eaa480c581d9466
2025-05-16,a357ab259a17ea8252ac8bbf4c7320b61c0d2b1d
